001	Northern Petrol	Refining Progress Since 1974.
002	Vespera Refining	Pure Energy. Minimal Footprint.
003	Caldera Petrochemical	Pressure into Performance.
004	Oakhaven Lube & Greasing	Keeping the Axles Turning Since 1928.
005	Apex Viscosity Corp	Engineered for Extreme Shear.
006	Borealis Heavy Fuel	Warmth in the Permafrost.
007	Solent Petroleum Ltd	Powering the Fleet.
008	Crestline Synthetic Crude	Better Than Ground-Sourced.
009	Tarpon Gas & Oil	Deep Wells. Reliable Delivery.
010	Hyperion Coolants	Thermal Rejection Guaranteed.
011	Ironbark Petrochemical	Tough Fuel for Rough Work.
012	Midland Fuel Transport	The Backbone of the Grid.
013	Kennebec Solvent Refiners	Dissolve the Problem.
014	Halcyon Grease Works	Frictionless Operations.
015	PetroVanguard Group	Forward-Leaning Extraction.
016	Blackstone Bitumen	Paving the Continent.
017	Cobalt Oil Refining	Engineered Hydrocarbons.
018	TorqueFluidics	Hydraulic Power Without Loss.
019	Aegis Petrochem	Protected Energy Reserves.
020	Sovereign Refineries	Purity at Scale.
021	North Meridian Freight	Crossing Every Border on Time.
022	Vectorline Intermodal	Velocity by Design.
023	Great Basin Railhead	Heavy Haulage Across the Divide.
024	St. Jude Stevedoring	Handling Cargo with Grace.
025	Albatross Maritime	Over Every Ocean.
026	Trans-Piedmont Bulk	Moving the Mountains.
027	Ironclad Drayage	Never Dropped. Never Delayed.
028	Inland Nexus Shipping	The Heart of the Distribution Web.
029	Pelican Wharf Logistics	Shelter for Your Supply Chain.
030	Kodiak Overland	Engineered for the Dead End.
031	Pinnacle Box Leasing	Boxes for the Modern Merchant.
032	Redoubt Freight Forwarding	Secure Passage in Uncertain Times.
033	Siren Maritime Services	Sounding the Horn.
034	Keystone Intermodal	The Central Block in Your Chain.
035	Crossway Express	Direct Lines. Fewer Hand-offs.
036	Equator Star Line	Connecting the Hemispheres.
037	Vanguard Cold Transport	Sub-Zero Without Interruption.
038	Continental Drayage Ltd	Docks to Depot in Record Time.
039	Atlas Container Systems	Shouldering the World's Goods.
040	Trident Coastal Lines	Serving Every Harbor.
041	Kestrel Polymer Dynamics	Formed for Endurance.
042	Monolith Adhesives	Bonding Beyond Separation.
043	Sylvan Chemical Feedstocks	Catalysts for Growth.
044	Formwork Sealants Corp	Impermeable Since 1981.
045	Titan Elastomers	Flexibility Under Crushing Load.
046	Valency Solvents	Purity in Every Fraction.
047	Oxbow Resin & Terpenes	Extracted from the Primeval.
048	Plastron Barrier Films	Zero Permeability Guaranteed.
049	PyreStop Fire Retardants	Stopping the Blaze at the Chemical Level.
050	Covalent Coatings	Molecularly Bound Protection.
051	Vitreous Silicates Ltd	The Chemistry of Glass and Stone.
052	Apex Reagents	Assayed to Six Nines.
053	Loomis Industrial Enamels	Tough As Iron Since 1904.
054	Zephyr Surfactants	Surface Tension Eliminated.
055	Radon-Proof Barriers Inc	Sub-Slab Protection That Lasts.
056	OmniBond Epoxies	If It Breaks, It Wasn't OmniBond.
057	Noxious Chemical Ltd	Precision Chemistry for Extreme Needs.
058	PermaGrip Polyurethanes	Nothing Pulls Apart.
059	Aura Clean Chemistry	Industrial Power. Cleaner Conscience.
060	Foundry Core Chem	Binder of the Castings.
061	Continuance Foods	Tomorrow Still Needs Lunch.
062	HarvestLine Frozen Bulk	Cold Stored. Pure Flavor.
063	Perennial Grain & Starch	Feeding Every Generation.
064	CalorieForge Rations	Dense Fuel for Active Personnel.
065	Blue Ridge Whey Processing	Pure Protein. Uncompromising Yield.
066	Standard Ration Cooperative	Basic Sustenance for All.
067	Vitalis Algal Paste	Tomorrow's Nutrient Matrix.
068	Homestead Cold Chain	From Farm to Freezer Without Thaw.
069	Sovereign Syrup Corp	Sweetening the Nation's Commerce.
070	Pact Nutrition Group	A Covenant with Nutrition.
071	Apex Poultry Bulk	Poultry Solutions for Food Service.
072	Glacier Bay Seafood Logistics	Wild-Caught. Flash-Frozen.
073	Endeavor Salt & Brine	The Preservative of Nations.
074	NutriBlock Concentrates	Everything the Body Needs. Nothing More.
075	Orchard Valley Pulp & Puree	Pure Fruit Purees for Manufacturing.
076	Prairie Yeast & Ferment	The Living Element in Bread.
077	Red River Bulk Flour	Milled to Exact Tolerances.
078	Solara Oil & Shortening	Frying the World's Favorites.
079	Kodiak Canned Provisions	Preserved for the Long Winter.
080	Apex Gelatin & Collagen	The Structural Protein.
081	Orthogonal Compute	Architectures of Certainty.
082	CoreMatrix Thermal Systems	Cooling the Minds of Tomorrow.
083	LatencyZero Optical	Photonic Interconnects at Light Speed.
084	TensorScale Fabrications	Silicon Scaled to the Limit.
085	IronPendant Automation	Autonomous Muscle for the Factory Floor.
086	Synaptic Fleet Logistics	Algorithmic Routing. Zero Driver Downtime.
087	Epoch Silicon	Hardware for the Machine Age.
088	Borealis Heat Exchangers	Dissipating Megawatts into the Air.
089	VectorGantry Robotics	Automating Every Pick.
090	QuantumTrench Fiber	Armored for the Continental Backbone.
091	Cenotaph Storage Arrays	Data That Outlives Civilization.
092	OmniActuator Corp	Torque Where It Counts.
093	DataHaven Modules	Plug-and-Play Compute in 40 Feet.
094	Aegis Power Distribution	Clean Power for Sensitive Racks.
095	Cobalt Logic Systems	Hardened Compute for Harsh Realities.
096	Triton CryoCool	Approaching Absolute Zero.
097	PulseTrain Power	Megawatts on Demand.
098	Kestrel Drone Logistics	Airborne Freight corridors.
099	Monad Inference Corp	Serving Tokens at the Edge.
100	Apex Telemetry Corp	Every Vibration Tracked.
101	Aethelgard Biosystems	Engineered for Viability.
102	Panacea API Synthetics	Active Ingredients at Industrial Scale.
103	Meridian Clinical Disposables	Single Use. Total Sterility.
104	SomnaTech Sedatives	Unbroken Rest for Turbulent Times.
105	ReviveBio Cryo-Logistics	Preserving the Chain of Life.
106	Omniderm Protective Solutions	The Barrier Between You and Harm.
107	Cortexon Neuroceuticals	Cognitive Optimization for the Modern Workforce.
108	St. Luke Diagnostic Consumables	Testing with Certainty.
109	Halcyon Phasma Corp	Engineered Cellular Lineages.
110	Apex Dialysis Supplies	Purifying the Bloodstream.
111	BioShield Decontamination	Pathogens Terminated on Contact.
112	Sovereign Vaccine Logistics	Immunizing the Globe.
113	Veritas Clinical Reagents	Purity Assured. Results Confirmed.
114	NuForm Orthopedic Castings	Rigid Support for Healing Bones.
115	PermaSuture Surgical Ltd	Holding the Seams Together.
116	Apex IV Solutions	Hydration and Electrolytes on Demand.
117	VitalGraft Tissue Matrix	Natural Scaffolds for Reconstruction.
118	Sedona Wellness Bulk	Nature's Essence. Scaled for Industry.
119	EndureBio Longevity Labs	Extending the Horizon.
120	Apex Anesthesia Gases	Pure Gases. Total Silence.
121	Blackwood Remediation	Erasing Industrial History.
122	Apex Scrapline	Turning Yesterday's Steel into Tomorrow's Profits.
123	Leachate Recovery Corp	Containing the Underflow.
124	SlagTech Smelting Byproducts	Value from the Furnaces.
125	Terrene Hazmat Abatement	Contained. Neutralized. Manifested.
126	Reclamation Mutual	Restoring Value to the Waste Stream.
127	Cycle9 E-Waste	Reclaiming the Precious Elements.
128	Cinderford Ash Logistics	Coal Byproducts Put to Work.
129	Sovereign Shredding Corp	Total Destruction. Total Compliance.
130	MireTech Dewatering	Separating Solid from Slurry.
131	Pelican Bay Scrap Metals	Non-Ferrous Specialists.
132	Vanguard Drum Reconditioning	Cleaned. Tested. Relined.
133	Ironwood Bio-Compost	Organic Waste Converted to Life.
134	Apex Ash & Slurry	Managing the Heavy Residues.
135	CleanHarbor Spill Response	Immediate Action. Clean Waters.
136	MercurySafe Disposal	Isolating the Heavy Metals.
137	Apex Auto Dismantlers	Every Part Has a Second Life.
138	St. Jude Medical Waste	Incinerating the Contagion.
139	Sovereign Solvent Recovery	Distill. Recover. Reuse.
140	Atlas Tire Pyrolysis	Tires into Oil, Steel, and Carbon.
141	Aegis-Pike Ordnance Packaging	Secure Transit for Sensitive Munitions.
142	Vigil Systems Corp	Always Watching. Always Recorded.
143	Citadel Barrier Logistics	Perimeters That Hold the Line.
144	SensorGrid Autonomous	Persistent Perimeter Awareness.
145	Bastion Munitions Transport	Safeguarding the Payload.
146	Overwatch Enclosures	Environmental Protection for Field Hardware.
147	IronClad Ballistic Materials	Armor Plates for Critical Assets.
148	Paladin Shielding & RF	Zero Eavesdropping. Zero Leakage.
149	Centurion Access Systems	Identity Verified. Access Granted.
150	Cobalt Defense Logistics	Equipping the Forward Edge.
151	Valkyrie Aerospace Recovery	Securing Downed Systems.
152	Apex Barrier & Bollard	Stopping 15,000 Pounds at 50 MPH.
153	Cerberus Canine Services	Vigilance Beyond Technology.
154	Redoubt Camouflage Systems	Concealment from Multi-Spectral Eyes.
155	Sovereign Target Systems	Precision Down Range.
156	Fortress Modular Towers	Elevated Overwatch in Two Hours.
157	Apex Tactical Breaching	No Door Remains Shut.
158	Blackthorn Defense Coatings	Infrared-Absorbing Exterior Finishes.
159	Aegis Munitions Storage	Hazard Division 1.1 Compliant.
160	Vanguard Night Optics	Mastering the Dark Spectrum.
161	SubTerra Vault Systems	Civilization's Hard Drive.
162	Civil Contingency Supplies	Prepared for the Unthinkable.
163	PrepperKing Commercial Cache	Don't Be Caught Unprepared.
164	Ardent Shelter Utilities	Life Support When the Grid Dies.
165	Relict Survivalist Provisions	Built to Outlast.
166	Fortress Air Handling	Breathe Clean in Any Atmosphere.
167	TerraFirm Soil Anchors	Holding Fast Against the Gale.
168	Apex Potable Water Systems	Clean Water from Any Source.
169	BunkerLite Prefab Pods	Buried in a Weekend.
170	Sanitas Portable Sanitation	Dignity in the Disaster Zone.
171	Apex Flood Barrier Corp	Turn the Rising Waters Back.
172	Sovereign Emergency Power	The Lights Stay On.
173	Endure Mortuary Logistics	Dignified Temporary Storage.
174	Aegis Decon Showers	Immediate Wash. Zero Cross-Contamination.
175	Vanguard Field Hospitals	Surgical Suites Anywhere.
176	TerraQuake Seismic Bracing	Tied Down for the Big One.
177	Apex Emergency Communications	When the Towers Fall.
178	Civil Tarp & Sheeting	Immediate Roof Protection.
179	Solace Emergency Blankets	Thermal Radiation Reflected Back.
180	Apex Field Rations Group	Nutritional Stability Under Stress.
181	Great Northern Pulp & Box	The Fiber of Commerce.
182	Tri-Wall Corrugated Ltd	Three Flutes for Maximum Strength.
183	Clearwater Kraft Fibers	Unbleached Strength from Prime Forests.
184	Millbrook Pallet & Dunnage	The Floor of Global Shipping.
185	Timberline Cellulose	Nature's Polymer, Refined.
186	Apex Drum & Core Corp	Wound Under Tension.
187	Sovereign Paper Mills	Printing the Nation's Documents.
188	Honeycomb Packaging Tech	Strength Through Geometry.
189	Keystone Box & Linerboard	Standard Boxes for Every Industry.
190	Vanguard Strapping Systems	Tensioned to Hold.
191	Appalachian Hardwood Dunnage	Rough-Sawn for Heavy Loads.
192	Piedmont Bag & Sack	Multi-Wall Paper Protection.
193	EcoFill Void Systems	Air and Paper. Zero Damage.
194	St. Croix Pulpwood Logistics	River Drivers of the North.
195	Apex Cornerboard Solutions	Edge Protection That Stacks Up.
196	Vulcan Valve & Flange	Sealing Against the Storm.
197	Forge & Gasket Ltd	No Leakage Under Any Pressure.
198	Piedmont High-Pressure Piping	Seamless Conduit for Dangerous Fluids.
199	Dreadnought Hydraulics	Forces Measured in Kilotons.
200	Atlas Turbine Components	Balanced to the Gram at 10,000 RPM.
201	Kodiak Heavy Fabrication	Welded for the Elements.
202	Monarch Pump Works	Moving Rivers Through Pipes.
203	Apex Actuation & Controls	Torque at the Touch of a Switch.
204	Centurion Compressors	High Pressure Without Interruption.
205	Keystone Mechanical Seals	Zero Emissions from the Stuffing Box.
206	Sovereign Heat Exchangers	Thermal Transfer at Maximum Efficiency.
207	Titan Crane & Hoist	Lifting the Heavy Burdens.
208	Apex Conveyor Systems	Material Moved Without Interruption.
209	Vanguard Pressure Vessels	Containment Under Extreme Bar.
210	Great Lakes Boiler Works	Steam Power for Heavy Industry.
211	Keystone Portland Cement	The Foundation of Every City.
212	Granite Ridge Aggregate	Crushed Stone for Critical Infrastructure.
213	Monad Precast Concrete	Cast Today. Installed Tomorrow.
214	Structural Steelworks Co	The Bones of the High-Rise.
215	Blue Rock Quarry Logistics	Rock When You Need It.
216	Apex Rebar Fabricators	Tying the Steel That Holds the Load.
217	Sovereign Gypsum & Drywall	Smooth Walls for Modern Living.
218	Vanguard Asphalt Paving	Laying Down the Open Road.
219	Keystone Brick & Tile	Fired from Pure Clay Since 1888.
220	Atlas Geotechnical Fabrics	Stabilizing the Subgrade.
221	Piedmont Timber Truss	Spanning the Clear Space.
222	Apex Ready-Mix Concrete	Pouring on Schedule.
223	Kodiak Rock Drills	Drilling the Deep Blast Holes.
224	Sovereign Scaffolding Ltd	Safe Access at Any Height.
225	IronClad Masonry Anchors	Tied into the Structure.
226	SurplusHub International	Container Loads of Everything.
227	PalletMax Liquidation	Buy by the Truckload. Sell by the Piece.
228	BulkBarn Institutional Goods	Quantity Has a Quality All Its Own.
229	Sovereign Salt & Brine	The Salt of the Earth.
230	RareEarth Speculative Holdings	Elements of the Future, Secured Today.
231	Apex Bargain Freight	Low Cost. Few Questions.
232	OmniStock Warehouse Liquidation	Everything Must Clear the Dock.
233	National Consignment Freight	Secondary Markets, First-Class Scale.
234	Apex Surplus Electronics	Components for Every Hobbyist and Shop.
235	Vanguard Speculative Commodities	Hedging Against Tomorrow.
236	DollarDrop Logistics	Direct from Factory to Discount Bin.
237	Apex Industrial Auctions	Realizing Cash for Heavy Iron.
238	Sovereign Salvage & Marine	Recovered from the Depths.
239	BargainBale Textiles	Rags to Riches in 1,000-Pound Bales.
240	Atlas Overstock Depots	Where Unsold Goods Await Redemption.
241	Apex Horizon Capital Partners	Optimizing Human and Material Assets.
242	Synergistic Asset Holdings	Unlocking Value in Non-Core Operations.
243	Cerberus Industrial Solutions	Three Heads. One Purpose.
244	ComplianceOne Verification	Documented. Audited. Incontrovertible.
245	HumanMetric Logistics	Maximizing Worker Unit Output.
246	OmniCorp Global Rolldown	Rationalizing the Global Supply Chain.
247	Stratum Capital Partners	Deep Value in Core Industries.
248	Apex Workforce Optimization	Frictionless Labor Allocation.
249	Vanguard Environmental Credit	Offsetting Tomorrow, Today.
250	Pinnacle Restructuring Group	Guiding Enterprises Through Rebirth.
251	Praxis Operational Analytics	Data-Driven Throughput.
252	Apex Indemnity Mutual	Underwriting the Impossible.
253	Ironclad Governance Corp	Boardroom Oversight. Enterprise Assurance.
254	Sovereign Pension Custody	Securing Retirements, Investing Today.
255	Apex Rationalization Group	Eliminating Redundancy Across the Fleet.
256	Deborah Logistics Unlimited	Everything Everywhere. All The Time.
